{
  "hash": "d3f3af37197f19a8b8c6611bfd4c75cf",
  "result": {
    "markdown": "---\ntitle: \"ziheng's website\"\n---\n\nMy name is Ziheng Wang, i am an undergradaute student at uoft.\n\n---\n\nThis is a Quarto website.\n\nTo learn more about Quarto websites visit <https://quarto.org/docs/websites>.\n\n::: {.cell}\n\n```{.r .cell-code}\n1 + 1\n```\n\n::: {.cell-output .cell-output-stdout}\n```\n[1] 2\n```\n:::\n:::\n",
    "supporting": [],
    "filters": [
      "rmarkdown/pagebreak.lua"
    ],
    "includes": {},
    "engineDependencies": {},
    "preserve": {},
    "postProcess": true
  }
}